artist_offset,user_offset,playcount
0,2,105
0,15,165
0,20,91
0,21,98
0,29,120
0,48,236
0,70,67
0,95,77
0,96,93
0,109,98
0,113,63
0,126,63
0,127,429
0,130,151
0,132,103
0,152,83
0,153,65
0,162,54
0,181,456
0,183,592
0,186,111
0,193,158
0,194,53
0,195,216
0,201,89
0,241,82
0,250,65
0,267,51
0,273,74
0,275,108
0,276,68
0,277,135
0,280,175
0,295,77
0,302,58
0,314,65
0,322,56
0,325,59
0,342,63
0,343,99
0,351,51
0,391,56
0,400,55
0,476,166
1,1,211
1,24,287
1,27,66
1,35,73
1,52,160
1,62,208
1,77,82
1,95,2370
1,101,51
1,102,67
1,106,89
1,143,90
1,147,120
1,149,71
1,152,71
1,165,63
1,224,197
1,242,79
1,261,153
1,278,97
1,279,80
1,317,74
1,333,219
1,351,86
1,373,196
1,435,56
1,446,148
1,448,166
1,476,234
1,486,93
1,493,270
1,495,105
1,496,97
1,0,128
2,15,437
2,42,128
2,43,349
2,56,152
2,72,78
2,82,74
2,96,477
2,99,697
2,109,101
2,112,222
2,125,182
2,126,461
2,151,71
2,182,53
2,202,136
2,205,51
2,220,147
2,234,75
2,251,64
2,255,193
2,277,208
2,284,124
2,302,122
2,304,52
2,305,146
2,306,60
2,376,259
2,401,155
2,402,230
2,406,79
2,419,63
2,425,54
2,429,54
2,433,134
2,448,87
3,19,2087
3,22,92
3,36,634
3,53,65
3,65,55
3,101,69
3,118,53
3,156,676
3,165,64
3,171,120
3,174,205
3,206,52
3,236,107
3,278,82
3,319,144
3,329,108
3,420,98
3,443,82
3,452,107
3,461,59
4,33,116
4,36,83
4,66,473
4,80,51
4,94,57
4,114,187
4,179,59
4,206,79
4,312,210
4,410,77
4,438,195
4,474,65
5,45,559
5,48,208
5,57,410
5,81,62
5,96,324
5,99,115
5,130,58
5,133,204
5,151,88
5,185,73
5,243,226
5,262,81
5,322,85
5,343,193
5,494,311
6,34,72
6,35,51
6,37,65
6,47,108
6,67,148
6,77,299
6,167,59
6,201,87
6,207,76
6,407,107
6,464,144
7,34,87
7,48,828
7,67,144
7,89,61
7,128,106
7,140,897
7,186,55
7,211,69
7,247,88
7,254,239
7,366,148
8,36,253
8,37,55
8,140,87
8,156,93
8,162,54
8,257,140
8,294,101
8,299,89
8,343,61
8,404,268
8,432,76
8,452,58
8,453,110
9,24,95
9,54,283
9,55,54
9,64,111
9,75,2179
9,94,63
9,114,255
9,128,85
9,152,114
9,170,140
9,200,93
9,201,101
9,226,548
9,227,2366
9,231,55
9,237,505
9,242,195
9,253,179
9,261,95
9,269,148
9,291,69
9,307,232
9,312,298
9,322,209
9,332,80
9,353,225
9,359,726
9,373,209
9,394,272
9,409,77
9,410,581
9,437,291
9,459,459
9,469,316
10,24,253
10,35,56
10,50,114
10,54,631
10,75,2425
10,94,332
10,148,208
10,227,75
10,229,90
10,237,109
10,242,235
10,253,73
10,269,60
10,296,121
10,307,57
10,312,63
10,322,125
10,328,59
10,352,172
10,353,86
10,402,96
10,410,149
10,437,172
10,438,64
10,477,63
10,478,169
10,483,118
11,124,120
11,127,290
11,152,109
11,186,215
11,248,202
11,280,108
11,314,297
11,350,121
11,467,74
12,5,80
12,9,79
12,12,207
12,23,323
12,30,115
12,31,52
12,45,474
12,49,232
12,50,76
12,51,129
12,54,66
12,55,3439
12,69,229
12,76,136
12,79,571
12,80,632
12,91,151
12,96,226
12,103,64
12,113,170
12,122,89
12,123,309
12,125,63
12,127,564
12,138,124
12,160,259
12,164,92
12,177,280
12,187,290
12,192,51
12,194,540
12,200,77
12,208,97
12,213,106
12,227,313
12,232,105
12,248,74
12,256,67
12,262,110
12,271,54
12,272,410
12,276,70
12,290,70
12,293,990
12,300,118
12,302,104
12,325,137
12,347,97
12,363,241
12,383,52
12,385,274
12,405,272
12,410,176
12,424,96
12,431,257
12,475,279
12,482,1211
12,485,228
13,24,217
13,54,567
13,75,199
13,92,97
13,94,327
13,97,52
13,136,87
13,220,56
13,227,267
13,228,110
13,237,100
13,253,150
13,264,86
13,287,477
13,296,81
13,324,132
13,352,132
13,381,188
13,382,86
13,394,76
13,409,93
13,459,1325
13,477,59
14,19,138
14,28,259
14,36,651
14,40,94
14,48,51
14,53,57
14,62,69
14,65,128
14,68,106
14,88,247
14,101,743
14,117,59
14,118,106
14,131,133
14,140,142
14,156,77
14,159,58
14,162,91
14,166,56
14,170,79
14,178,204
14,179,128
14,215,102
14,236,164
14,247,59
14,287,209
14,315,68
14,319,268
14,348,122
14,349,51
14,354,98
14,357,728
14,360,51
14,408,94
14,443,369
14,454,148
14,464,236
14,466,64
14,491,303
15,4,108
15,10,202
15,18,130
15,28,213
15,36,250
15,37,53
15,38,219
15,49,290
15,58,775
15,59,95
15,70,51
15,96,177
15,154,51
15,171,97
15,184,86
15,192,97
15,199,282
15,204,51
15,208,65
15,210,69
15,212,238
15,213,173
15,218,66
15,221,59
15,223,129
15,224,225
15,226,58
15,227,228
15,230,83
15,234,12330
15,245,190
15,248,66
15,249,126
15,256,491
15,258,90
15,277,160
15,300,115
15,302,74
15,306,140
15,337,1008
15,348,63
15,351,114
15,356,83
15,362,150
15,378,79
15,384,52
15,399,145
15,407,187
15,419,87
15,423,355
15,428,104
15,430,181
15,439,56
15,456,104
15,463,69
15,485,754
16,2,56
16,11,59
16,12,5759
16,19,353
16,20,103
16,22,103
16,29,64
16,31,141
16,35,108
16,37,53
16,38,182
16,39,100
16,41,107
16,42,99
16,54,239
16,66,465
16,70,72
16,72,99
16,75,62
16,76,168
16,78,131
16,79,295
16,88,109
16,98,493
16,103,55
16,105,81
16,106,282
16,120,57
16,125,71
16,145,102
16,147,91
16,148,148
16,154,68
16,159,58
16,161,137
16,166,227
16,168,119
16,171,59
16,177,190
16,186,64
16,187,99
16,197,271
16,205,92
16,227,1076
16,228,75
16,245,222
16,250,73
16,251,60
16,256,141
16,277,80
16,280,293
16,281,229
16,289,66
16,293,228
16,302,403
16,306,100
16,311,371
16,319,75
16,328,65
16,332,80
16,334,61
16,337,82
16,350,66
16,352,436
16,363,336
16,370,114
16,371,82
16,379,69
16,385,62
16,386,146
16,387,95
16,388,63
16,397,56
16,403,66
16,410,86
16,418,63
16,419,64
16,420,93
16,428,438
16,431,208
16,438,65
16,439,110
16,446,204
16,448,77
16,454,96
16,457,55
16,461,89
16,463,100
16,469,587
16,474,93
16,482,525
16,489,222
16,496,88
17,18,442
17,41,51
17,62,136
17,145,82
17,156,349
17,168,149
17,178,1386
17,232,56
17,296,53
17,419,70
18,7,75
18,22,75
18,37,141
18,40,160
18,95,68
18,143,82
18,162,61
18,166,57
18,170,125
18,186,55
18,188,390
18,221,91
18,273,101
18,307,64
18,313,74
18,355,127
18,356,111
18,361,124
18,378,254
18,398,135
19,2,176
19,80,65
19,153,112
19,156,166
19,183,853
19,206,52
19,207,249
19,253,214
19,294,62
19,357,93
19,376,111
19,479,69
20,13,74
20,38,64
20,46,61
20,111,92
20,157,205
20,175,78
20,266,76
20,284,58
21,2,57
21,32,70
21,35,70
21,66,294
21,95,80
21,147,54
21,149,109
21,156,73
21,159,130
21,160,88
21,178,668
21,282,72
21,302,98
21,306,75
21,348,64
21,352,62
21,354,81
21,367,78
21,372,138
21,398,122
21,404,70
21,407,62
21,443,184
21,471,51
21,479,456
21,490,88
22,6,96
22,53,206
22,91,83
22,132,546
22,152,86
22,156,200
22,222,276
22,274,88
22,280,89
22,314,330
22,348,65
22,414,66
22,416,100
22,436,60
22,498,269
23,10,75
23,12,116
23,13,152
23,16,52
23,20,96
23,25,267
23,28,106
23,29,385
23,32,169
23,38,57
23,45,588
23,51,542
23,53,84
23,54,402
23,58,66
23,62,57
23,69,55
23,72,196
23,75,204
23,77,361
23,78,73
23,79,1289
23,80,150
23,85,64
23,98,382
23,100,62
23,101,93
23,102,83
23,110,129
23,111,224
23,113,409
23,116,93
23,120,181
23,135,62
23,138,149
23,141,56
23,142,54
23,156,90
23,158,207
23,159,123
23,162,92
23,164,277
23,165,53
23,168,126
23,177,443
23,178,3149
23,193,571
23,195,53
23,227,620
23,237,63
23,240,59
23,242,113
23,245,197
23,250,168
23,252,194
23,255,67
23,259,110
23,268,56
23,270,57
23,273,106
23,276,87
23,277,375
23,286,64
23,288,64
23,299,192
23,311,336
23,317,283
23,322,128
23,326,195
23,330,182
23,334,156
23,337,377
23,351,126
23,376,108
23,384,62
23,409,97
23,411,51
23,419,297
23,422,71
23,425,51
23,439,106
23,442,80
23,471,82
23,472,88
23,484,55
23,486,63
24,36,166
24,37,328
24,64,86
24,104,88
24,109,84
24,117,95
24,153,174
24,203,54
24,289,58
24,291,68
24,313,415
24,357,251
24,386,65
24,421,67
24,491,271
25,8,177
25,23,83
25,32,86
25,38,70
25,41,76
25,80,118
25,120,191
25,142,62
25,145,198
25,149,53
25,166,74
25,180,81
25,248,53
25,266,69
25,278,83
25,321,62
25,330,59
25,352,74
25,370,871
26,14,59
26,19,84
26,20,68
26,24,777
26,26,123
26,29,72
26,36,126
26,40,90
26,45,207
26,47,154
26,51,328
26,53,72
26,56,53
26,63,64
26,66,907
26,67,81
26,69,111
26,72,95
26,74,82
26,95,54
26,98,141
26,106,76
26,136,78
26,145,127
26,152,74
26,159,76
26,166,316
26,174,77
26,183,71
26,189,63
26,206,92
26,217,63
26,221,58
26,234,72
26,244,51
26,245,161
26,253,213
26,271,137
26,277,70
26,286,192
26,328,63
26,336,61
26,356,56
26,358,62
26,371,97
26,386,85
26,414,216
26,448,54
26,471,107
26,474,105
26,478,169
26,479,138
26,489,78
26,498,175
26,0,58
27,10,57
27,21,203
27,29,79
27,87,51
27,133,75
27,171,138
27,202,123
27,246,82
27,306,155
27,364,60
27,374,64
27,394,54
27,417,66
28,19,357
28,32,63
28,40,209
28,48,61
28,84,56
28,88,65
28,110,80
28,139,93
28,156,1046
28,202,71
29,1,55
29,15,211
29,28,114
29,48,414
29,57,721
29,84,101
29,95,74
29,156,94
29,193,134
29,228,193
29,245,75
29,308,368
29,335,509
29,351,59
29,352,52
29,357,173
29,362,210
29,369,76
29,438,90
29,490,68
29,494,328
30,18,194
30,199,88
30,206,108
30,212,162
30,234,895
30,245,55
30,382,64
30,439,75
31,1,59
31,2,87
31,6,93
31,11,330
31,45,135
31,83,82
31,124,104
31,132,67
31,133,146
31,141,52
31,148,83
31,159,78
31,170,104
31,173,53
31,196,198
31,201,112
31,244,95
31,270,51
31,299,261
31,323,145
31,326,69
31,391,65
31,427,126
31,445,270
31,456,65
31,478,68
32,22,240
32,38,81
32,44,181
32,52,153
32,67,188
32,80,77
32,104,140
32,128,119
32,140,454
32,151,111
32,171,333
32,206,176
32,222,120
32,286,56
32,292,77
32,294,134
32,302,55
32,315,126
32,376,120
32,408,77
32,445,89
32,455,93
32,466,97
33,2,243
33,14,54
33,15,55
33,36,59
33,48,278
33,51,698
33,96,311
33,99,59
33,128,387
33,158,78
33,166,67
33,181,540
33,195,131
33,245,59
33,248,120
33,250,55
33,263,201
33,317,56
33,329,70
33,355,120
33,364,63
33,372,153
33,383,740
33,419,91
33,447,96
33,491,53
34,96,331
34,166,58
34,171,81
34,194,103
34,234,1503
34,279,54
34,318,236
34,399,77
34,462,79
35,12,124
35,14,181
35,20,64
35,24,127
35,32,124
35,49,67
35,73,78
35,120,74
35,128,325
35,157,192
35,169,89
35,170,104
35,180,96
35,207,140
35,227,436
35,242,57
35,292,60
35,293,161
35,300,207
35,306,612
35,316,113
35,370,98
35,375,67
35,388,59
35,392,202
35,412,107
35,440,439
35,456,79
35,497,74
36,18,3845
36,23,216
36,30,118
36,61,52
36,79,104
36,86,58
36,96,396
36,127,155
36,150,70
36,166,97
36,169,106
36,177,115
36,187,508
36,232,76
36,272,97
36,302,89
36,336,52
36,475,277
36,482,71
37,10,171
37,28,328
37,49,58
37,69,149
37,102,91
37,129,80
37,144,68
37,154,86
37,155,57
37,184,108
37,190,89
37,192,131
37,199,178
37,212,97
37,218,154
37,256,60
37,318,61
37,337,1293
37,362,330
37,393,75
37,428,69
37,439,65
37,462,103
37,488,77
38,2,58
38,35,336
38,95,201
38,108,138
38,183,281
38,257,77
38,278,164
38,417,339
38,422,160
39,3,63
39,90,52
39,102,72
39,138,296
39,157,292
39,159,74
39,180,57
39,204,53
39,258,1201
39,308,145
39,317,265
39,324,509
39,413,99
39,421,66
40,15,133
40,18,54
40,24,100
40,29,56
40,63,53
40,72,76
40,156,79
40,178,1461
40,180,169
40,249,123
40,254,62
40,327,54
40,351,87
41,19,391
41,29,145
41,101,60
41,102,63
41,156,143
41,178,1603
41,299,121
41,317,88
41,327,59
41,329,96
41,450,85
42,35,108
42,62,104
42,101,68
42,112,2516
42,156,115
42,294,187
42,313,84
42,326,1446
42,349,68
42,361,529
42,451,375
42,486,137
43,15,131
43,25,365
43,32,132
43,38,55
43,100,103
43,145,73
43,161,63
43,177,56
43,180,90
43,241,135
43,242,320
43,352,95
43,424,57
43,478,342
44,9,313
44,18,156
44,19,147
44,61,90
44,66,155
44,139,700
44,149,105
44,166,446
44,169,137
44,178,113
44,179,64
44,198,53
44,215,174
44,240,79
44,253,128
44,289,66
44,318,58
44,321,92
44,352,107
44,366,81
44,371,69
44,381,111
44,399,75
44,415,260
44,418,114
44,430,341
44,434,70
44,471,87
45,10,103
45,21,144
45,59,64
45,172,68
45,258,51
45,260,204
45,306,230
45,309,57
45,332,95
45,362,525
46,15,76
46,20,81
46,48,55
46,51,106
46,57,107
46,96,128
46,113,55
46,155,81
46,181,55
46,246,64
46,260,138
46,268,91
46,343,81
46,478,51
47,9,127
47,18,116
47,23,233
47,24,414
47,33,69
47,37,61
47,38,53
47,41,126
47,45,253
47,49,52
47,54,420
47,55,403
47,66,71
47,69,324
47,72,182
47,79,217
47,86,52
47,96,633
47,100,61
47,111,170
47,113,91
47,116,228
47,143,169
47,160,163
47,164,203
47,166,200
47,169,109
47,172,119
47,177,139
47,189,114
47,191,194
47,192,52
47,200,55
47,226,124
47,227,57
47,234,957
47,240,106
47,248,204
47,253,133
47,255,88
47,256,58
47,262,138
47,271,358
47,280,83
47,288,72
47,289,71
47,290,203
47,292,224
47,293,302
47,302,116
47,307,221
47,311,400
47,321,104
47,324,63
47,329,165
47,330,196
47,332,179
47,333,66
47,336,61
47,337,199
47,340,71
47,347,104
47,352,128
47,363,186
47,366,384
47,367,177
47,371,65
47,372,394
47,375,71
47,385,154
47,387,60
47,388,83
47,389,128
47,392,73
47,398,69
47,399,65
47,409,87
47,418,72
47,419,60
47,423,142
47,425,59
47,426,73
47,428,83
47,431,62
47,451,267
47,454,82
47,458,56
47,470,96
47,472,74
47,475,466
47,485,62
47,497,97
47,499,88
48,19,213
48,25,52
48,48,71
48,53,95
48,78,72
48,95,68
48,101,170
48,106,62
48,156,92
48,159,60
48,166,62
48,170,517
48,183,337
48,216,52
48,249,81
48,282,60
48,313,51
48,319,55
48,357,172
48,366,188
48,371,150
48,374,178
48,404,148
49,10,144
49,18,267
49,123,85
49,129,79
49,146,161
49,192,54
49,206,80
49,208,146
49,212,52
49,258,148
49,282,74
49,306,54
49,316,59
49,337,625
49,362,448
49,393,66
50,2,120
50,14,169
50,40,76
50,73,71
50,81,135
50,131,84
50,181,144
50,183,115
50,223,175
50,341,252
50,421,186
50,436,178
51,35,64
51,44,67
51,72,51
51,74,56
51,94,2809
51,123,107
51,216,287
51,224,555
51,226,355
51,229,113
51,237,252
51,253,238
51,256,144
51,308,136
51,351,120
51,353,225
51,373,242
51,390,83
51,416,55
51,435,62
51,459,91
51,477,51
51,478,74
52,12,95
52,18,1292
52,24,96
52,45,122
52,51,668
52,54,160
52,55,232
52,64,55
52,66,202
52,79,856
52,80,252
52,84,58
52,85,218
52,91,153
52,92,122
52,103,103
52,113,426
52,125,131
52,135,73
52,144,69
52,146,526
52,150,177
52,160,118
52,164,51
52,166,54
52,168,125
52,187,206
52,191,76
52,208,669
52,213,60
52,221,64
52,228,101
52,230,95
52,232,79
52,248,195
52,277,407
52,295,620
52,300,81
52,302,71
52,305,128
52,306,57
52,311,142
52,321,89
52,330,228
52,331,939
52,332,136
52,342,66
52,366,989
52,369,132
52,372,80
52,396,221
52,400,231
52,409,63
52,413,207
52,416,80
52,424,121
52,470,181
52,471,104
52,473,51
52,0,58
53,24,340
53,94,81
53,110,126
53,123,151
53,147,151
53,180,72
53,196,208
53,227,121
53,237,162
53,256,89
53,264,220
53,296,330
53,322,52
53,348,93
53,351,63
53,437,726
53,459,97
53,495,94
54,2,52
54,18,99
54,19,310
54,20,70
54,30,205
54,45,388
54,49,102
54,51,56
54,55,143
54,59,305
54,72,91
54,96,257
54,99,170
54,166,57
54,176,66
54,195,59
54,222,105
54,234,232
54,250,75
54,263,201
54,272,99
54,279,57
54,293,126
54,304,53
54,309,105
54,336,59
54,337,76
54,343,166
54,366,75
54,375,96
54,419,87
54,428,243
54,429,69
54,0,53
55,9,107
55,18,2786
55,23,289
55,41,68
55,45,347
55,123,71
55,139,60
55,145,56
55,146,73
55,209,73
55,232,55
55,248,103
55,253,555
55,266,90
55,311,131
55,333,149
55,399,96
55,410,87
55,458,215
55,471,71
55,473,55
55,482,680
56,12,433
56,15,166
56,18,168
56,20,53
56,51,81
56,56,97
56,72,52
56,74,359
56,75,71
56,120,276
56,125,172
56,134,84
56,138,312
56,145,64
56,147,104
56,157,191
56,166,59
56,180,197
56,191,55
56,197,53
56,227,853
56,237,93
56,242,406
56,246,89
56,276,55
56,306,88
56,308,276
56,317,79
56,321,52
56,328,57
56,335,91
56,336,100
56,337,88
56,350,90
56,352,57
56,375,101
56,434,129
56,473,70
56,489,234
57,2,85
57,3,101
57,12,58
57,19,2039
57,24,287
57,26,73
57,27,105
57,29,305
57,34,69
57,35,254
57,36,400
57,38,95
57,42,191
57,45,136
57,47,79
57,48,737
57,53,226
57,65,62
57,68,202
57,72,84
57,84,67
57,88,988
57,89,60
57,91,58
57,93,168
57,98,168
57,101,168
57,105,205
57,112,157
57,123,57
57,137,401
57,141,243
57,142,97
57,143,130
57,156,493
57,159,190
57,165,145
57,166,979
57,167,521
57,170,227
57,173,131
57,174,271
57,175,718
57,177,71
57,178,7417
57,179,1517
57,182,76
57,185,84
57,188,245
57,193,249
57,196,966
57,198,83
57,202,52
57,205,61
57,206,570
57,207,79
57,218,82
57,220,96
57,221,92
57,226,72
57,227,270
57,238,83
57,240,188
57,241,166
57,244,59
57,245,106
57,246,219
57,247,165
57,253,397
57,254,99
57,257,327
57,259,56
57,260,500
57,261,82
57,267,101
57,268,54
57,270,170
57,276,98
57,281,101
57,285,163
57,289,100
57,294,129
57,299,162
57,302,249
57,307,576
57,310,149
57,319,99
57,323,772
57,326,307
57,330,55
57,334,57
57,338,103
57,340,68
57,349,80
57,351,54
57,354,310
57,357,648
57,358,237
57,366,100
57,371,330
57,376,584
57,382,140
57,386,212
57,391,162
57,397,92
57,401,129
57,403,105
57,404,92
57,407,154
57,412,52
57,418,126
57,420,109
57,423,184
57,424,103
57,427,54
57,443,125
57,448,468
57,452,102
57,456,128
57,461,202
57,466,98
57,486,245
57,487,57
57,490,69
57,498,155
58,4,61
58,15,88
58,32,748
58,35,235
58,37,76
58,40,413
58,54,445
58,56,103
58,57,309
58,72,106
58,95,705
58,98,509
58,100,146
58,106,125
58,110,374
58,114,84
58,117,100
58,121,107
58,133,93
58,134,72
58,136,60
58,138,405
58,142,448
58,147,55
58,157,237
58,175,88
58,177,347
58,180,59
58,186,67
58,191,69
58,192,175
58,232,88
58,242,253
58,257,67
58,262,51
58,265,76
58,276,80
58,301,79
58,302,100
58,317,259
58,322,117
58,326,623
58,334,345
58,337,2595
58,346,802
58,348,70
58,351,131
58,375,258
58,394,178
58,395,62
58,397,97
58,419,60
58,422,125
58,424,100
58,448,174
58,457,107
58,480,198
58,481,52
58,486,117
58,495,92
58,498,109
58,499,204
59,8,103
59,12,63
59,24,106
59,32,211
59,45,112
59,79,128
59,106,61
59,111,176
59,135,233
59,150,63
59,164,73
59,227,193
59,252,227
59,306,103
59,331,132
59,370,126
59,406,66
59,450,311
60,2,124
60,6,107
60,7,309
60,35,75
60,56,158
60,71,113
60,81,96
60,90,126
60,95,222
60,108,65
60,121,85
60,125,66
60,133,142
60,141,65
60,163,270
60,170,1230
60,181,87
60,188,177
60,215,100
60,219,447
60,225,932
60,230,77
60,233,214
60,238,179
60,253,298
60,265,242
60,267,53
60,285,92
60,286,316
60,291,327
60,292,59
60,294,166
60,297,109
60,302,92
60,303,391
60,306,74
60,307,185
60,308,59
60,339,86
60,341,72
60,344,258
60,346,74
60,348,663
60,356,188
60,357,372
60,365,301
60,373,205
60,378,122
60,383,100
60,384,173
60,408,81
60,426,60
60,441,89
60,462,259
60,464,91
60,481,69
60,484,78
60,487,377
60,492,60
60,498,174
61,9,160
61,18,1889
61,23,266
61,76,248
61,85,151
61,96,213
61,160,297
61,166,68
61,298,53
61,302,86
61,419,101
61,475,323
62,8,162
62,18,162
62,42,171
62,58,374
62,62,446
62,75,85
62,88,94
62,102,137
62,111,52
62,123,79
62,149,99
62,165,91
62,178,316
62,191,79
62,253,138
62,268,95
62,282,59
62,289,144
62,328,414
62,331,69
62,332,114
62,369,52
62,386,143
62,396,61
62,410,459
62,431,146
62,434,66
62,469,1177
63,15,118
63,25,67
63,87,129
63,139,464
63,156,115
63,159,85
63,250,73
63,287,188
63,327,248
63,369,210
63,453,99
64,18,1951
64,43,136
64,61,584
64,66,59
64,75,80
64,80,211
64,116,141
64,139,119
64,149,109
64,166,72
64,209,65
64,227,213
64,311,68
64,352,100
64,359,226
64,381,102
64,419,56
64,471,153
65,5,72
65,19,100
65,27,174
65,44,80
65,80,162
65,88,76
65,89,93
65,198,53
65,205,54
65,227,515
65,235,143
65,249,81
65,253,321
65,287,110
65,289,646
65,296,54
65,328,116
65,352,175
65,353,337
65,358,73
65,397,129
65,461,101
65,471,230
65,474,52
65,483,90
65,490,52
66,18,123
66,31,367
66,38,51
66,40,81
66,45,238
66,50,346
66,69,319
66,76,115
66,79,2263
66,80,51
66,91,126
66,97,59
66,103,201
66,116,62
66,122,247
66,125,114
66,160,252
66,177,144
66,191,61
66,200,175
66,208,353
66,227,229
66,232,84
66,248,117
66,255,91
66,271,133
66,272,85
66,293,137
66,300,68
66,302,93
66,304,51
66,311,120
66,330,54
66,333,58
66,352,106
66,367,128
66,385,81
66,387,142
66,389,140
66,390,156
66,395,81
66,399,370
66,409,83
66,412,74
66,424,93
66,426,171
66,470,66
67,24,447
67,27,61
67,75,982
67,123,60
67,170,247
67,225,1376
67,227,91
67,229,132
67,237,126
67,253,131
67,264,65
68,19,77
68,36,82
68,37,130
68,65,76
68,80,71
68,101,61
68,104,199
68,105,230
68,182,52
68,247,133
68,294,72
68,374,90
68,421,126
68,441,78
68,452,52
68,453,2101
69,9,60
69,12,54
69,20,59
69,38,57
69,43,133
69,54,53
69,66,118
69,72,57
69,86,354
69,98,165
69,100,253
69,117,79
69,118,95
69,120,70
69,125,71
69,129,91
69,149,119
69,166,101
69,168,102
69,177,155
69,181,152
69,183,62
69,206,101
69,227,244
69,231,64
69,240,55
69,257,124
69,275,480
69,280,147
69,302,137
69,305,236
69,311,224
69,336,74
69,352,52
69,371,184
69,375,220
69,383,69
69,392,61
69,402,80
69,403,84
69,415,212
69,419,112
69,425,408
69,429,145
69,443,220
69,471,61
69,489,80
69,493,121
69,499,89
70,10,127
70,15,83
70,19,60
70,29,93
70,82,52
70,95,122
70,96,205
70,124,54
70,152,59
70,165,60
70,166,118
70,171,148
70,181,195
70,195,149
70,248,93
70,255,88
70,263,82
70,277,164
70,280,72
70,295,92
70,302,62
70,305,69
70,306,195
70,319,58
70,320,55
70,343,109
70,429,78
70,447,122
70,494,54
71,18,121
71,33,69
71,115,109
71,156,53
71,157,153
71,227,63
71,260,86
71,288,70
72,4,128
72,16,99
72,32,197
72,46,110
72,72,117
72,81,92
72,113,188
72,138,57
72,141,59
72,147,86
72,150,161
72,157,102
72,180,72
72,293,1884
72,308,217
72,312,63
72,317,386
72,324,220
72,435,56
73,8,575
73,25,954
73,32,167
73,41,187
73,45,296
73,66,55
73,100,152
73,126,85
73,134,131
73,145,184
73,153,94
73,161,58
73,180,113
73,215,110
73,227,168
73,251,129
73,262,86
73,279,56
73,282,62
73,321,102
73,335,55
73,351,54
73,352,102
73,415,98
73,418,224
73,431,83
74,19,93
74,25,122
74,32,74
74,38,62
74,59,136
74,77,96
74,147,51
74,164,224
74,166,142
74,175,69
74,204,112
74,219,59
74,245,172
74,259,62
74,270,163
74,308,179
74,489,97
75,3,166
75,14,73
75,115,62
75,141,77
75,157,396
75,170,115
75,203,56
75,210,71
75,253,514
75,258,2358
75,287,105
75,376,517
75,455,272
75,458,52
75,0,371
76,54,53
76,71,53
76,94,738
76,97,59
76,110,97
76,136,62
76,200,60
76,253,285
76,256,51
76,352,95
76,353,252
76,359,146
76,388,137
76,389,148
76,409,71
76,437,181
76,446,54
77,6,196
77,22,406
77,34,52
77,36,350
77,53,161
77,67,58
77,125,60
77,186,66
77,202,136
77,211,75
77,215,98
77,222,83
77,235,149
77,244,86
77,254,102
77,336,60
78,12,59
78,45,159
78,55,448
78,76,131
78,79,144
78,85,196
78,111,93
78,150,105
78,160,180
78,191,261
78,200,64
78,279,170
78,307,53
78,400,75
78,405,81
78,475,81
78,495,71
79,1,58
79,5,92
79,68,86
79,189,113
79,206,244
79,211,58
79,224,60
79,253,219
79,292,52
79,325,149
79,344,182
79,359,872
79,373,217
79,471,79
80,28,143
80,38,55
80,70,90
80,96,82
80,106,60
80,141,53
80,154,136
80,184,73
80,197,127
80,212,58
80,230,79
80,245,53
80,322,62
80,337,247
80,348,132
80,362,193
80,384,51
80,407,297
80,430,144
80,463,57
80,488,108
81,39,87
81,43,73
81,71,81
81,117,125
81,137,135
81,142,822
81,174,60
81,177,201
81,180,72
81,306,88
81,395,132
81,459,168
82,2,155
82,15,146
82,16,52
82,17,57
82,20,88
82,40,152
82,47,133
82,53,223
82,58,250
82,60,68
82,63,121
82,71,128
82,82,55
82,83,114
82,93,168
82,119,56
82,124,274
82,125,59
82,128,258
82,129,84
82,130,75
82,132,60
82,137,2175
82,173,53
82,174,167
82,176,105
82,181,221
82,183,58
82,196,184
82,214,74
82,215,160
82,233,174
82,235,62
82,236,245
82,238,169
82,239,52
82,243,443
82,244,61
82,247,81
82,280,100
82,281,100
82,286,246
82,289,123
82,291,128
82,292,200
82,297,67
82,306,224
82,310,83
82,325,78
82,334,201
82,338,66
82,342,69
82,344,62
82,345,81
82,350,549
82,354,107
82,358,142
82,379,61
82,383,162
82,390,368
82,398,129
82,406,51
82,423,126
82,433,118
82,436,71
82,441,342
82,442,180
82,445,198
82,449,971
82,455,102
82,460,103
82,465,65
82,480,53
82,483,145
82,491,75
82,493,90
83,45,88
83,128,81
83,168,111
83,181,167
83,208,54
83,256,140
83,295,102
83,300,76
83,320,54
84,1,80
84,18,79
84,19,69
84,53,68
84,65,244
84,109,53
84,132,85
84,140,114
84,141,95
84,167,676
84,203,60
84,259,223
84,323,714
84,325,51
84,357,383
84,358,69
84,362,159
84,366,76
84,391,295
84,441,63
84,448,53
84,486,66
85,6,217
85,29,356
85,73,117
85,119,75
85,132,61
85,171,125
85,183,101
85,193,63
85,222,180
85,280,65
85,284,60
85,314,91
85,380,64
85,440,202
86,1,317
86,34,226
86,57,345
86,58,226
86,62,162
86,66,75
86,84,179
86,102,115
86,158,58
86,179,128
86,183,185
86,229,83
86,294,64
86,310,70
86,335,279
86,337,216
86,360,52
86,362,346
86,476,96
86,479,97
86,497,52
87,10,136
87,80,71
87,81,202
87,171,55
87,209,124
87,260,186
87,325,68
87,360,64
87,377,78
88,39,209
88,71,178
88,107,204
88,108,62
88,136,381
88,163,68
88,218,162
88,225,1631
88,233,73
88,253,355
88,301,180
88,302,107
88,303,186
88,339,110
88,346,67
88,365,63
88,408,113
88,481,71
88,487,130
89,1,64
89,17,127
89,47,79
89,60,502
89,67,79
89,92,97
89,119,208
89,233,62
89,357,1049
89,449,139
89,462,161
90,28,79
90,102,109
90,129,65
90,190,94
90,192,109
90,199,316
90,230,71
90,234,1015
90,256,84
90,362,437
90,428,198
90,462,220
90,478,92
90,488,76
91,35,56
91,40,117
91,64,74
91,72,78
91,79,191
91,121,216
91,126,98
91,128,54
91,159,115
91,180,91
91,183,258
91,195,76
91,212,271
91,214,236
91,243,218
91,246,127
91,253,67
91,264,73
91,277,94
91,281,87
91,293,349
91,315,62
91,317,172
91,345,56
91,350,218
91,355,494
91,357,110
91,378,133
91,439,94
91,442,233
91,498,119
92,35,154
92,40,153
92,45,266
92,56,127
92,66,250
92,70,519
92,121,229
92,124,113
92,125,52
92,142,600
92,156,70
92,163,70
92,164,623
92,174,329
92,177,168
92,192,227
92,193,55
92,196,94
92,198,60
92,240,56
92,253,67
92,256,92
92,265,458
92,269,65
92,280,112
92,282,208
92,291,129
92,298,55
92,301,94
92,302,74
92,309,139
92,323,77
92,326,488
92,334,259
92,339,69
92,341,58
92,348,545
92,350,85
92,361,171
92,383,119
92,398,110
92,406,452
92,421,59
92,427,174
92,433,200
92,447,51
92,459,235
92,462,57
92,468,106
92,480,54
92,499,142
93,22,64
93,48,67
93,56,89
93,60,142
93,66,86
93,72,61
93,95,237
93,170,65
93,227,139
93,231,55
93,235,59
93,238,56
93,253,184
93,350,60
93,364,111
93,397,266
93,410,68
93,414,111
93,433,99
94,18,3282
94,32,369
94,45,138
94,103,55
94,191,150
94,232,66
94,288,83
94,305,68
94,321,109
94,396,272
95,32,809
95,47,53
95,52,85
95,81,114
95,99,82
95,132,232
95,210,90
95,219,68
95,223,99
95,380,308
95,456,198
95,467,163
96,1,159
96,2,159
96,17,92
96,47,86
96,60,748
96,108,62
96,131,63
96,170,224
96,203,58
96,219,250
96,225,88
96,239,121
96,247,127
96,257,227
96,274,321
96,303,140
96,306,203
96,312,469
96,348,507
96,355,150
96,357,604
96,365,124
96,378,123
96,380,132
96,487,87
96,498,248
97,22,495
97,73,91
97,140,163
97,159,57
97,175,76
97,225,164
97,306,205
97,377,150
97,411,68
97,444,532
98,24,194
98,44,61
98,54,569
98,62,62
98,71,176
98,75,146
98,77,52
98,90,93
98,94,662
98,110,151
98,147,98
98,224,171
98,237,52
98,253,163
98,265,92
98,325,73
98,351,71
98,352,214
98,446,106
98,455,72
98,459,94
98,485,121
99,7,61
99,11,56
99,32,117
99,35,139
99,56,73
99,71,161
99,93,154
99,137,210
99,253,431
99,285,51
99,291,195
99,297,65
99,303,61
99,338,59
99,390,74
99,397,112
99,449,62
99,455,305
99,456,135
99,459,54
99,463,97
99,465,88
99,484,148
100,40,307
100,71,94
100,107,11269
100,283,67
101,56,171
101,147,100
101,150,242
101,172,239
101,253,108
101,317,176
101,435,66
102,1,58
102,56,64
102,95,64
102,170,112
102,253,98
102,281,80
102,306,407
102,348,154
102,377,87
102,379,58
102,417,87
102,432,58
102,444,66
102,451,236
103,9,125
103,18,479
103,32,175
103,41,218
103,45,169
103,62,162
103,70,225
103,72,66
103,79,606
103,96,160
103,103,61
103,106,269
103,110,108
103,120,74
103,160,73
103,164,61
103,186,69
103,194,116
103,227,526
103,240,99
103,251,75
103,252,411
103,256,170
103,262,54
103,281,59
103,282,53
103,290,60
103,293,598
103,306,59
103,320,51
103,334,115
103,351,51
103,366,91
103,370,207
103,376,58
103,398,73
103,405,66
103,410,62
103,419,63
103,428,272
103,457,61
103,468,66
103,478,63
103,496,148
104,13,161
104,14,98
104,19,52
104,78,213
104,87,75
104,93,130
104,120,63
104,126,86
104,152,57
104,153,117
104,156,95
104,159,124
104,164,123
104,170,88
104,178,136
104,183,352
104,184,107
104,214,158
104,246,108
104,253,101
104,273,74
104,275,84
104,283,97
104,296,78
104,355,122
104,383,91
104,393,305
104,440,132
104,442,345
104,444,99
105,40,139
105,106,72
105,113,74
105,147,92
105,180,66
105,183,86
105,196,104
105,217,73
105,227,129
105,234,780
105,355,56
105,368,51
105,392,126
106,13,104
106,14,73
106,26,59
106,36,180
106,37,53
106,45,62
106,47,51
106,53,67
106,56,87
106,60,313
106,66,197
106,71,68
106,98,220
106,128,250
106,133,104
106,137,358
106,138,53
106,139,83
106,144,56
106,147,94
106,157,98
106,159,315
106,168,54
106,171,60
106,176,88
106,177,71
106,181,361
106,183,167
106,185,293
106,186,119
106,193,87
106,196,169
106,210,429
106,214,139
106,217,51
106,219,88
106,221,365
106,225,107
106,226,54
106,239,69
106,245,51
106,253,102
106,289,195
106,293,68
106,297,60
106,299,91
106,302,76
106,306,83
106,332,329
106,383,129
106,386,72
106,390,78
106,392,137
106,401,94
106,406,148
106,411,106
106,413,202
106,419,133
106,442,161
106,449,81
106,459,77
106,492,84
107,2,75
107,14,66
107,28,186
107,32,1299
107,35,250
107,45,81
107,46,164
107,48,511
107,56,103
107,60,116
107,63,101
107,78,67
107,83,67
107,90,88
107,93,106
107,95,111
107,107,2856
107,108,87
107,121,80
107,125,66
107,128,57
107,131,87
107,147,51
107,154,134
107,155,77
107,163,368
107,177,141
107,188,70
107,196,209
107,201,205
107,203,96
107,216,172
107,219,82
107,225,447
107,233,86
107,241,426
107,253,111
107,257,678
107,264,59
107,267,52
107,274,163
107,291,87
107,296,125
107,299,153
107,306,63
107,312,299
107,325,88
107,326,407
107,334,158
107,343,150
107,345,93
107,348,141
107,354,65
107,357,61
107,368,124
107,378,280
107,398,103
107,460,67
107,476,142
107,492,51
107,498,475
108,60,69
108,125,69
108,128,1014
108,144,98
108,166,156
108,188,136
108,292,99
108,298,86
108,300,62
108,340,156
108,345,74
108,373,230
108,375,69
108,380,65
109,15,59
109,35,67
109,51,77
109,56,152
109,57,56
109,71,52
109,78,197
109,95,55
109,104,59
109,115,68
109,121,53
109,122,146
109,125,183
109,128,110
109,136,83
109,137,467
109,144,60
109,147,53
109,150,130
109,159,202
109,164,67
109,170,145
109,181,91
109,183,226
109,190,93
109,195,144
109,196,181
109,214,101
109,233,57
109,235,62
109,239,82
109,243,280
109,246,80
109,264,182
109,277,60
109,283,51
109,286,61
109,293,437
109,296,257
109,297,56
109,306,95
109,307,86
109,316,712
109,347,73
109,355,116
109,368,156
109,379,66
109,383,127
109,390,296
109,393,76
109,423,138
109,432,53
109,439,167
109,442,232
109,444,82
109,450,271
109,467,107
109,472,130
109,478,776
109,483,66
109,498,55
110,56,51
110,60,272
110,119,156
110,149,87
110,165,112
110,291,104
110,325,183
110,345,106
110,358,80
110,360,111
110,361,57
110,414,92
110,429,60
110,433,388
110,460,66
110,463,105
110,465,128
110,468,69
